"Subject","Start Date","Start Time","End Date","End Time","Description","Location"
"🏓 1. Division Grundspil på udebane mod B 75 2","12/09/2026","12:00 PM","12/09/2026","03:00 PM","Kl. 12:00: B 75 2 VS Sisu/MBK 1

--------------------
BTDK Senior: Herre 1. Division Grundspil Grundspil 12.09.2026.

Link til stilling i rækken:
https://bordtennisportalen.dk/DBTU/HoldTurnering/Stilling/#2,42026,15477,4006,4000,,,,0","Hirtshals Idrætscenter"
"🏓 1. Division Grundspil på hjemmebane mod OB Bordtennis 1","03/10/2026","11:00 AM","03/10/2026","02:00 PM","Kl. 11:00: Sisu/MBK 1 VS OB Bordtennis 1

--------------------
BTDK Senior: Herre 1. Division Grundspil Grundspil 03.10.2026.

Link til stilling i rækken:
https://bordtennisportalen.dk/DBTU/HoldTurnering/Stilling/#2,42026,15477,4006,4000,,,,0","Sisu/MBK"
"🏓 1. Division Grundspil på hjemmebane mod Trelleborg TTC 1","24/10/2026","11:00 AM","24/10/2026","02:00 PM","Kl. 11:00: Sisu/MBK 1 VS Trelleborg TTC 1

--------------------
BTDK Senior: Herre 1. Division Grundspil Grundspil 24.10.2026.

Link til stilling i rækken:
https://bordtennisportalen.dk/DBTU/HoldTurnering/Stilling/#2,42026,15477,4006,4000,,,,0","Sisu/MBK"
"🏓 1. Division Grundspil på udebane mod Hillerød GI 1 + Virum-Sorgenfri BTK 1","14/11/2026","12:00 PM","14/11/2026","06:00 PM","Kl. 12:00: Hillerød GI 1 VS Sisu/MBK 1
Kl. 12:00: OB Bordtennis 1 VS CPH - Hvidovre 2
Kl. 12:00: Virum-Sorgenfri BTK 1 VS B 75 2
Kl. 12:00: Trelleborg TTC 1 VS Roskilde Bordtennis, BTK 61 2
Kl. 15:00: Virum-Sorgenfri BTK 1 VS Sisu/MBK 1
Kl. 15:00: B 75 2 VS Hillerød GI 1
Kl. 15:00: Roskilde Bordtennis, BTK 61 2 VS OB Bordtennis 1
Kl. 15:00: CPH - Hvidovre 2 VS Trelleborg TTC 1

--------------------
BTDK Senior: Herre 1. Division Grundspil Grundspil 14.11.2026.

Link til stilling i rækken:
https://bordtennisportalen.dk/DBTU/HoldTurnering/Stilling/#2,42026,15477,4006,4000,,,,0","Idrættens Hus Roskilde, 1. sal"
"🏓 1. Division Grundspil på udebane mod Roskilde Bordtennis, BTK 61 2 + CPH - Hvidovre 2","28/11/2026","12:00 PM","28/11/2026","06:00 PM","Kl. 12:00: Sisu/MBK 1 VS Roskilde Bordtennis, BTK 61 2
Kl. 12:00: Virum-Sorgenfri BTK 1 VS Trelleborg TTC 1
Kl. 12:00: Hillerød GI 1 VS OB Bordtennis 1
Kl. 12:00: CPH - Hvidovre 2 VS B 75 2
Kl. 15:00: Sisu/MBK 1 VS CPH - Hvidovre 2
Kl. 15:00: B 75 2 VS Roskilde Bordtennis, BTK 61 2
Kl. 15:00: OB Bordtennis 1 VS Virum-Sorgenfri BTK 1
Kl. 15:00: Hillerød GI 1 VS Trelleborg TTC 1

--------------------
BTDK Senior: Herre 1. Division Grundspil Grundspil 28.11.2026.

Link til stilling i rækken:
https://bordtennisportalen.dk/DBTU/HoldTurnering/Stilling/#2,42026,15477,4006,4000,,,,0","Hirtshals Idrætscenter"
